<?xml version="1.0" encoding="UTF-8"?>
<project-private xmlns="http://www.netbeans.org/ns/project-private/1">
    <editor-bookmarks xmlns="http://www.netbeans.org/ns/editor-bookmarks/2" lastBookmarkId="0"/>
    <open-files xmlns="http://www.netbeans.org/ns/projectui-open-files/2">
        <group>
            <file>file:/C:/Users/Juanpa/Documents/NetBeansProjects/PySProyecto/web/index.jsp</file>
            <file>file:/C:/Users/Juanpa/Documents/NetBeansProjects/PySProyecto/src/java/model/PermisosPyS.java</file>
            <file>file:/C:/Users/Juanpa/Documents/NetBeansProjects/PySProyecto/web/moduloLogin/logout.jsp</file>
            <file>file:/C:/Users/Juanpa/Documents/NetBeansProjects/PySProyecto/src/java/util/DataBase.java</file>
            <file>file:/C:/Users/Juanpa/Documents/NetBeansProjects/PySProyecto/src/java/model/EvidenciaSAlumno.java</file>
            <file>file:/C:/Users/Juanpa/Documents/NetBeansProjects/PySProyecto/web/PyS/users/MenuUserPyS.jsp</file>
            <file>file:/C:/Users/Juanpa/Documents/NetBeansProjects/PySProyecto/src/java/model/Practicas.java</file>
            <file>file:/C:/Users/Juanpa/Documents/NetBeansProjects/PySProyecto/web/PyS/users/practicas/solicitudUser.jsp</file>
            <file>file:/C:/Users/Juanpa/Documents/NetBeansProjects/PySProyecto/web/CSS/styleIA.css</file>
            <file>file:/C:/Users/Juanpa/Documents/NetBeansProjects/PySProyecto/web/PyS/users/practicas/subirDocumentos.jsp</file>
            <file>file:/C:/Users/Juanpa/Documents/NetBeansProjects/PySProyecto/src/java/DAO/AdminDAO.java</file>
            <file>file:/C:/Users/Juanpa/Documents/NetBeansProjects/PySProyecto/web/PyS/users/practicas/validarDatos.jsp</file>
            <file>file:/C:/Users/Juanpa/Documents/NetBeansProjects/PySProyecto/web/PyS/users/servicio/servicioUser.jsp</file>
            <file>file:/C:/Users/Juanpa/Documents/NetBeansProjects/PySProyecto/web/CSS/styleI.css</file>
            <file>file:/C:/Users/Juanpa/Documents/NetBeansProjects/PySProyecto/src/java/controller/PYScontrolADMIN.java</file>
            <file>file:/C:/Users/Juanpa/Documents/NetBeansProjects/PySProyecto/src/java/DAO/FileDAO.java</file>
            <file>file:/C:/Users/Juanpa/Documents/NetBeansProjects/PySProyecto/web/META-INF/context.xml</file>
            <file>file:/C:/Users/Juanpa/Documents/NetBeansProjects/PySProyecto/src/java/model/SolicitudesS.java</file>
            <file>file:/C:/Users/Juanpa/Documents/NetBeansProjects/PySProyecto/src/java/DAO/PySDAO.java</file>
            <file>file:/C:/Users/Juanpa/Documents/NetBeansProjects/PySProyecto/web/CSS/styleCH.css</file>
            <file>file:/C:/Users/Juanpa/Documents/NetBeansProjects/PySProyecto/web/CSS/styleSU.css</file>
            <file>file:/C:/Users/Juanpa/Documents/NetBeansProjects/PySProyecto/web/PyS/Instituciones.jsp</file>
            <file>file:/C:/Users/Juanpa/Documents/NetBeansProjects/PySProyecto/src/java/model/CartaPresentacion.java</file>
            <file>file:/C:/Users/Juanpa/Documents/NetBeansProjects/PySProyecto/src/java/model/DocumentosFinalesP.java</file>
            <file>file:/C:/Users/Juanpa/Documents/NetBeansProjects/PySProyecto/web/PyS/users/servicio/solicitudUserS.jsp</file>
            <file>file:/C:/Users/Juanpa/Documents/NetBeansProjects/PySProyecto/src/java/model/DocumentosP.java</file>
            <file>file:/C:/Users/Juanpa/Documents/NetBeansProjects/PySProyecto/web/PyS/admin/Institucion.jsp</file>
            <file>file:/C:/Users/Juanpa/Documents/NetBeansProjects/PySProyecto/web/CSS/styleL.css</file>
            <file>file:/C:/Users/Juanpa/Documents/NetBeansProjects/PySProyecto/nbproject/build-impl.xml</file>
            <file>file:/C:/Users/Juanpa/Documents/NetBeansProjects/PySProyecto/web/PyS/users/practicas/practicasUser.jsp</file>
            <file>file:/C:/Users/Juanpa/Documents/NetBeansProjects/PySProyecto/web/PyS/users/servicio/evidenciaS.jsp</file>
            <file>file:/C:/Users/Juanpa/Documents/NetBeansProjects/PySProyecto/web/PyS/users/consultaHoras.jsp</file>
            <file>file:/C:/Users/Juanpa/Documents/NetBeansProjects/PySProyecto/web/WEB-INF/web.xml</file>
            <file>file:/C:/Users/Juanpa/Documents/NetBeansProjects/PySProyecto/src/java/model/SolicitudesP.java</file>
            <file>file:/C:/Users/Juanpa/Documents/NetBeansProjects/PySProyecto/web/PyS/admin/InstitucionADD.jsp</file>
            <file>file:/C:/Users/Juanpa/Documents/NetBeansProjects/PySProyecto/web/CSS/styleVP.css</file>
            <file>file:/C:/Users/Juanpa/Documents/NetBeansProjects/PySProyecto/src/java/model/Institucion.java</file>
            <file>file:/C:/Users/Juanpa/Documents/NetBeansProjects/PySProyecto/src/java/util/jdbc.properties</file>
            <file>file:/C:/Users/Juanpa/Documents/NetBeansProjects/PySProyecto/web/CSS/styleMA.css</file>
            <file>file:/C:/Users/Juanpa/Documents/NetBeansProjects/PySProyecto/web/CSS/styleSUP.css</file>
            <file>file:/C:/Users/Juanpa/Documents/NetBeansProjects/PySProyecto/src/java/controller/controlFile.java</file>
            <file>file:/C:/Users/Juanpa/Documents/NetBeansProjects/PySProyecto/src/java/controller/controlUser.java</file>
            <file>file:/C:/Users/Juanpa/Documents/NetBeansProjects/PySProyecto/web/PyS/admin/MenuAdminPyS.jsp</file>
        </group>
    </open-files>
</project-private>
